Name,SMILES,Canonical,Formula,MW,HeavyAtoms,Rings,InChIKey
EB-01,O=C1C(O)=C(N)C(=O)C(O)=C1CCCC(C)C,CC(C)CCCC1=C(O)C(=O)C(N)=C(O)C1=O,C12H17NO4,239.27,17,1,MROOZOVBUFEFDV-UHFFFAOYSA-N
EB-02,O=C1C(O)=C(/N=C/c2ccc(F)cc2)C(=O)C(O)=C1CCCC(C)C,CC(C)CCCC1=C(O)C(=O)C(/N=C/c2ccc(F)cc2)=C(O)C1=O,C19H20FNO4,345.37,25,2,TYERTARTSPZHPF-UFFVCSGVSA-N
EB-03,O=C1C(O)=C(/N=C/c2ccc(Cl)cc2)C(=O)C(O)=C1CCCC(C)C,CC(C)CCCC1=C(O)C(=O)C(/N=C/c2ccc(Cl)cc2)=C(O)C1=O,C19H20ClNO4,361.83,25,2,ROCJLWSTNDWBPS-UFFVCSGVSA-N
EB-04,O=C1C(O)=C(/N=C/c2ccc(Br)cc2)C(=O)C(O)=C1CCCC(C)C,CC(C)CCCC1=C(O)C(=O)C(/N=C/c2ccc(Br)cc2)=C(O)C1=O,C19H20BrNO4,406.28,25,2,DQFUUIVIWSWGKE-UFFVCSGVSA-N
EB-05,O=C1C(O)=C(/N=C/c2cc(Cl)ccc2Cl)C(=O)C(O)=C1CCCC(C)C,CC(C)CCCC1=C(O)C(=O)C(/N=C/c2cc(Cl)ccc2Cl)=C(O)C1=O,C19H19Cl2NO4,396.27,26,2,VHGYBSZMBPVWTQ-LSFURLLWSA-N
EB-06,O=C1C(O)=C(/N=C/c2c(Cl)cccc2Cl)C(=O)C(O)=C1CCCC(C)C,CC(C)CCCC1=C(O)C(=O)C(/N=C/c2c(Cl)cccc2Cl)=C(O)C1=O,C19H19Cl2NO4,396.27,26,2,XAXHYQGCEABLDP-LSFURLLWSA-N
EB-07,O=C1C(O)=C(/N=C/c2ccc(OC)cc2)C(=O)C(O)=C1CCCC(C)C,COc1ccc(/C=N/C2=C(O)C(=O)C(CCCC(C)C)=C(O)C2=O)cc1,C20H23NO5,357.41,26,2,LJZXZXHXQQRWHW-SRZZPIQSSA-N
EB-08,O=C1C(O)=C(/N=C/c2cc(OC)c(OC)cc2)C(=O)C(O)=C1CCCC(C)C,COc1ccc(/C=N/C2=C(O)C(=O)C(CCCC(C)C)=C(O)C2=O)cc1OC,C21H25NO6,387.43,28,2,GRRRDAGWBITNQF-SSDVNMTOSA-N
EB-09,O=C1C(O)=C(/N=C/c2ccc(O)cc2)C(=O)C(O)=C1CCCC(C)C,CC(C)CCCC1=C(O)C(=O)C(/N=C/c2ccc(O)cc2)=C(O)C1=O,C19H21NO5,343.38,25,2,YTBBVUQTSSRGLE-KEBDBYFISA-N
EB-10,O=C1C(O)=C(/N=C/c2cc(C=O)c(O)cc2)C(=O)C(O)=C1CCCC(C)C,CC(C)CCCC1=C(O)C(=O)C(/N=C/c2ccc(O)c(C=O)c2)=C(O)C1=O,C20H21NO6,371.39,27,2,FHKCGDKSOCBFLB-ZVBGSRNCSA-N
EB-11,O=C1C(O)=C(/N=C/c2ccc([N+](=O)[O-])cc2)C(=O)C(O)=C1CCCC(C)C,CC(C)CCCC1=C(O)C(=O)C(/N=C/c2ccc([N+](=O)[O-])cc2)=C(O)C1=O,C19H20N2O6,372.38,27,2,DEARZNGEHJJWHW-KEBDBYFISA-N
EB-12,O=C1C(O)=C(/N=C/c2cc(Cl)c(F)cc2)C(=O)C(O)=C1CCCC(C)C,CC(C)CCCC1=C(O)C(=O)C(/N=C/c2ccc(F)c(Cl)c2)=C(O)C1=O,C19H19ClFNO4,379.82,26,2,XDHFHBIBPFCLAH-LSFURLLWSA-N
EB-13,O=C1C(O)=C(/N=C/c2ccc(NS(=O)(=O))cc2)C(=O)C(O)=C1CCCC(C)C,CC(C)CCCC1=C(O)C(=O)C(/N=C/c2ccc(N[SH](=O)=O)cc2)=C(O)C1=O,C19H22N2O6S,406.46,28,2,DRSHINONPLZWJH-KEBDBYFISA-N
EB-14,O=C1C(O)=C(/N=C/c2ccc(C(F)(F)F)cc2)C(=O)C(O)=C1CCCC(C)C,CC(C)CCCC1=C(O)C(=O)C(/N=C/c2ccc(C(F)(F)F)cc2)=C(O)C1=O,C20H20F3NO4,395.38,28,2,VPCSVPNIFYGZTR-YSURURNPSA-N
EB-15,O=C1C(O)=C(/N=C/c2ccccc2O)C(=O)C(O)=C1CCCC(C)C,CC(C)CCCC1=C(O)C(=O)C(/N=C/c2ccccc2O)=C(O)C1=O,C19H21NO5,343.38,25,2,JDTJKSIENKNLTR-KEBDBYFISA-N
EB-16,O=C1C(O)=C(/N=C/c2ccc(N(C)C)cc2)C(=O)C(O)=C1CCCC(C)C,CC(C)CCCC1=C(O)C(=O)C(/N=C/c2ccc(N(C)C)cc2)=C(O)C1=O,C21H26N2O4,370.45,27,2,HIHNCLQSDUKQHW-WSDLNYQXSA-N
EB-17,O=C1C(O)=C(/N=C/c2ccncc2)C(=O)C(O)=C1CCCC(C)C,CC(C)CCCC1=C(O)C(=O)C(/N=C/c2ccncc2)=C(O)C1=O,C18H20N2O4,328.37,24,2,ISCOHNKUXUVFAM-KEBDBYFISA-N
EB-18,O=C1C(O)=C(/N=C/c2ncccc2)C(=O)C(O)=C1CCCC(C)C,CC(C)CCCC1=C(O)C(=O)C(/N=C/c2ccccn2)=C(O)C1=O,C18H20N2O4,328.37,24,2,FHWLNZMVZGUYJW-KEBDBYFISA-N
EB-19,O=C1C(O)=C(/N=C/c2ccc3ccccc3c2)C(=O)C(O)=C1CCCC(C)C,CC(C)CCCC1=C(O)C(=O)C(/N=C/c2ccc3ccccc3c2)=C(O)C1=O,C23H23NO4,377.44,28,3,SXPFYPHFZKBPPE-ZMOGYAJESA-N
EB-20,O=C1C(O)=C(/N=C/c2c[nH]c3ccccc23)C(=O)C(O)=C1CCCC(C)C,CC(C)CCCC1=C(O)C(=O)C(/N=C/c2c[nH]c3ccccc23)=C(O)C1=O,C21H22N2O4,366.42,27,3,VAOYMLQVXUUECG-FOKLQQMPSA-N
